X1,X2,X3,X4,X5,X6,X7,X8,X9,XA,XB,XC,XD,XE,XF,XH,Vote
n,y,n,y,y,y,n,n,n,y,x,y,y,y,n,y,republican
n,y,n,y,y,y,n,n,n,n,n,y,y,y,n,x,republican
x,y,y,x,y,y,n,n,n,n,y,n,y,y,n,n,democrat
n,y,y,n,x,y,n,n,n,n,y,n,y,n,n,y,democrat
y,y,y,n,y,y,n,n,n,n,y,x,y,y,y,y,democrat
n,y,y,n,y,y,n,n,n,n,n,n,y,y,y,y,democrat
n,y,n,y,y,y,n,n,n,n,n,n,x,y,y,y,democrat
n,y,n,y,y,y,n,n,n,n,n,n,y,y,x,y,republican
n,y,n,y,y,y,n,n,n,n,n,y,y,y,n,y,republican
y,y,y,n,n,n,y,y,y,n,n,n,n,n,x,x,democrat
n,y,n,y,y,n,n,n,n,n,x,x,y,y,n,n,republican
n,y,n,y,y,y,n,n,n,n,y,x,y,y,x,x,republican
n,y,y,n,n,n,y,y,y,n,n,n,y,n,x,x,democrat
y,y,y,n,n,y,y,y,x,y,y,x,n,n,y,x,democrat
n,y,n,y,y,y,n,n,n,n,n,y,x,x,n,x,republican
n,y,n,y,y,y,n,n,n,y,n,y,y,x,n,x,republican
y,n,y,n,n,y,n,y,x,y,y,y,x,n,n,y,democrat
y,x,y,n,n,n,y,y,y,n,n,n,y,n,y,y,democrat
n,y,n,y,y,y,n,n,n,n,n,x,y,y,n,n,republican
y,y,y,n,n,n,y,y,y,n,y,n,n,n,y,y,democrat
y,y,y,n,n,x,y,y,n,n,y,n,n,n,y,y,democrat
y,y,y,n,n,n,y,y,y,n,n,n,x,x,y,y,democrat
y,x,y,n,n,n,y,y,y,n,n,x,n,n,y,y,democrat
y,y,y,n,n,n,y,y,y,n,n,n,n,n,y,y,democrat
y,n,y,n,n,n,y,y,y,n,n,n,n,n,y,x,democrat
y,n,y,n,n,n,y,y,y,y,n,n,n,n,y,y,democrat
y,n,y,n,n,n,y,y,y,n,y,n,n,n,y,y,democrat
y,y,y,n,n,n,y,y,y,n,y,n,n,n,y,y,democrat
y,n,n,y,y,n,y,y,y,n,n,y,y,y,n,y,republican
y,y,y,n,n,n,y,y,y,n,y,n,n,n,y,y,democrat
n,y,n,y,y,y,n,n,n,n,n,y,y,y,n,n,republican
y,y,y,n,n,n,y,y,y,n,y,n,n,n,y,x,democrat
y,y,y,n,n,n,y,y,y,y,n,n,y,n,y,y,democrat
n,y,n,y,y,y,n,n,n,n,n,y,y,y,n,y,republican
y,y,y,n,n,n,y,y,y,n,n,n,n,n,y,y,democrat
n,y,n,y,y,y,n,n,n,n,n,y,y,y,n,n,republican
y,x,n,y,y,y,n,n,n,y,n,y,x,y,n,y,republican
y,y,n,y,y,y,n,n,n,n,n,n,y,y,n,y,republican
n,y,n,y,y,y,n,n,n,y,n,y,y,y,n,n,republican
y,n,y,n,n,n,y,y,y,y,y,n,y,n,y,y,democrat
y,y,y,n,n,n,y,y,y,n,x,n,n,n,n,x,democrat
y,y,y,n,n,n,y,y,y,n,n,n,n,n,y,x,democrat
y,n,y,n,n,n,y,y,y,n,n,n,n,n,n,y,democrat
y,n,y,n,n,n,y,y,y,n,n,n,n,n,y,y,democrat
y,y,y,n,n,n,y,y,y,n,y,n,n,n,n,x,democrat
y,y,y,n,n,n,y,y,x,n,y,n,n,n,y,x,democrat
y,y,y,n,n,n,y,y,y,n,n,n,n,n,n,y,democrat
y,n,y,n,n,n,y,y,x,n,n,n,n,n,n,x,democrat
y,y,y,n,n,n,y,y,n,n,n,n,n,y,n,y,democrat
n,x,n,y,y,y,n,n,n,n,n,y,y,y,n,n,republican
y,y,y,n,n,n,y,y,y,n,y,n,n,n,y,y,democrat
n,y,n,y,y,y,n,x,n,n,n,y,y,y,n,y,republican
y,y,y,n,n,n,y,y,y,n,n,n,n,n,x,x,democrat
y,y,n,y,y,y,n,n,n,y,n,y,y,y,n,n,republican
y,y,y,n,n,y,x,y,n,n,y,y,n,y,n,x,democrat
n,y,n,y,y,y,n,n,n,y,y,y,y,y,n,n,republican
n,y,n,y,y,y,n,n,n,y,y,y,y,y,n,y,republican
n,y,n,y,y,y,n,n,n,y,n,y,y,y,n,y,republican
n,y,n,y,y,y,n,n,n,y,n,y,y,y,n,y,republican
n,y,n,y,y,y,n,n,n,y,n,y,y,y,n,x,republican
y,y,y,n,n,x,y,y,y,y,n,n,n,n,y,x,democrat
n,y,n,y,y,y,n,n,n,n,n,y,y,y,n,n,republican
y,y,y,n,n,n,y,y,y,n,n,n,n,n,n,x,democrat
y,y,y,n,n,n,y,y,y,n,y,n,n,n,n,y,democrat
y,y,y,n,n,n,y,y,y,n,y,x,n,n,n,y,democrat
y,y,n,y,y,y,y,n,n,n,n,y,y,y,n,y,republican
n,y,n,y,y,y,y,n,n,n,y,y,y,y,n,y,republican
n,y,n,y,y,y,n,n,n,y,n,y,y,y,n,n,republican
y,x,y,n,n,n,y,y,y,n,n,n,y,n,y,y,democrat
y,y,y,n,n,n,y,y,y,n,n,n,n,n,y,y,democrat
y,n,y,n,n,n,y,y,y,n,n,n,y,n,y,x,democrat
y,y,y,y,n,n,y,y,y,y,y,n,n,y,n,y,republican
y,y,y,n,n,n,y,y,y,n,y,n,n,n,y,x,democrat
y,n,y,y,y,n,y,n,y,y,n,n,y,y,n,y,republican
y,n,y,n,n,y,y,y,y,y,y,n,n,y,y,y,democrat
n,y,y,y,y,y,n,n,n,y,y,n,y,y,n,n,democrat
n,y,y,n,y,y,n,n,n,y,y,y,y,y,n,x,democrat
n,y,y,y,y,y,n,y,y,y,y,y,y,y,n,y,democrat
y,y,y,n,y,y,n,n,n,y,y,n,y,y,n,y,democrat
n,n,n,y,y,n,n,n,n,y,n,y,y,y,n,n,republican
y,n,y,n,n,y,y,y,y,y,n,y,n,y,n,x,democrat
y,n,y,n,n,n,y,y,x,y,y,y,n,y,n,y,democrat
n,n,n,y,y,y,n,n,n,y,n,y,y,y,n,y,republican
n,n,n,y,y,y,n,n,n,n,n,y,y,y,n,n,republican
n,x,n,y,y,y,n,n,n,y,n,y,y,y,n,n,republican
n,n,y,n,y,y,n,n,n,y,y,y,y,y,n,y,democrat
n,n,n,y,y,y,n,n,n,y,n,y,y,y,n,n,republican
n,n,n,y,y,y,n,n,n,n,n,y,y,y,n,n,republican
n,y,y,n,y,y,y,n,y,y,y,n,y,y,n,y,democrat
n,n,n,y,y,y,n,n,n,y,n,x,y,y,n,x,republican
y,n,y,n,n,n,y,y,y,y,n,n,n,n,y,y,democrat
y,n,y,n,n,n,y,y,y,y,y,n,n,n,y,y,democrat
y,y,y,n,n,n,y,y,n,y,y,n,n,x,y,y,democrat
y,n,y,n,n,n,y,n,y,y,y,n,n,n,y,y,democrat
y,n,y,n,y,y,n,n,n,n,n,n,n,n,n,y,democrat
y,n,y,n,y,y,n,x,x,n,y,x,x,x,y,y,democrat
n,n,x,n,y,y,n,n,n,n,y,y,y,y,n,y,democrat
y,n,n,n,y,y,y,n,n,y,y,n,n,y,n,y,democrat
y,y,y,n,n,y,y,y,y,y,n,n,n,n,n,y,democrat
n,n,n,y,y,y,n,n,n,y,x,y,y,y,n,n,republican
y,n,n,n,y,y,n,n,n,n,y,y,n,y,n,y,democrat
y,n,y,n,y,y,y,n,n,n,y,n,n,y,n,y,democrat
y,n,y,n,y,y,y,n,x,n,y,n,y,y,y,x,democrat
y,n,n,n,y,y,x,n,x,n,n,n,n,y,x,n,democrat
x,x,x,x,n,y,y,y,y,y,x,n,y,y,n,x,democrat
y,y,y,n,n,n,n,y,y,n,y,n,n,n,y,y,democrat
n,y,n,y,y,y,n,n,n,n,n,y,y,y,n,y,republican
n,x,x,x,x,x,x,x,x,x,x,x,x,y,x,x,republican
y,x,y,n,n,n,y,y,y,n,n,n,n,n,y,x,democrat
y,x,y,n,n,n,y,y,y,n,n,n,n,n,y,x,democrat
n,n,y,n,n,n,y,y,y,y,n,n,n,n,y,y,democrat
n,x,n,y,y,y,n,n,n,y,n,y,y,y,n,y,republican
n,x,y,n,n,y,y,y,n,y,n,n,n,n,y,x,democrat
n,x,n,y,y,y,n,n,n,y,n,y,y,y,n,n,republican
y,x,y,n,n,n,y,y,y,n,n,n,n,n,y,x,democrat
n,x,y,n,x,x,y,y,y,y,x,x,n,n,y,y,democrat
y,n,y,n,n,n,y,y,y,n,y,n,n,n,y,y,democrat
y,y,y,y,y,n,y,n,n,n,n,y,y,y,n,y,republican
n,y,y,n,n,n,n,y,y,y,y,n,n,n,y,y,democrat
n,n,n,y,y,y,n,n,n,n,n,y,y,y,n,n,republican
n,x,x,y,y,y,n,n,n,y,n,y,y,y,x,y,republican
n,x,n,y,y,y,n,n,n,y,n,y,y,y,n,y,republican
n,n,n,y,y,y,n,n,n,y,n,y,n,y,n,y,republican
y,x,n,y,y,y,n,y,n,n,n,y,y,y,n,y,republican
n,x,y,n,n,n,y,y,y,n,n,n,n,n,y,y,democrat
n,x,n,y,y,y,n,n,n,y,n,y,y,y,n,y,republican
n,x,n,y,y,y,n,n,n,n,n,y,y,y,n,n,republican
n,x,y,n,n,n,y,y,y,y,y,n,n,y,y,y,democrat
n,x,y,n,n,y,n,y,n,y,y,n,n,n,y,y,democrat
x,x,y,n,n,n,y,y,x,n,x,x,x,x,x,x,democrat
y,x,y,n,x,x,y,y,y,n,n,n,n,n,y,x,democrat
n,n,y,n,n,y,n,y,y,y,n,n,n,y,n,y,democrat
n,n,n,y,y,y,n,n,n,y,n,y,y,y,n,x,republican
n,n,n,y,y,y,n,n,n,y,n,y,y,y,n,y,republican
n,n,n,y,y,y,n,n,n,n,n,y,y,y,n,x,republican
n,n,n,y,y,y,n,n,n,y,n,y,y,y,n,n,republican
n,y,n,y,y,y,n,n,n,y,y,y,y,n,n,y,republican
n,x,y,n,n,y,y,y,y,y,n,n,n,y,y,y,democrat
n,n,y,n,n,y,y,y,y,y,n,n,n,y,n,y,democrat
y,n,y,n,n,y,y,y,y,n,n,n,n,n,y,y,democrat
n,n,n,y,n,n,y,y,y,y,n,n,y,y,n,y,republican
n,n,n,y,y,y,y,y,y,y,n,y,y,y,x,y,republican
n,n,n,y,y,y,y,y,y,y,n,y,y,y,n,y,republican
x,y,n,n,n,n,y,y,y,y,y,n,n,y,y,y,democrat
n,x,n,n,n,y,y,y,y,y,n,n,n,y,n,x,democrat
n,n,y,n,n,y,y,y,y,y,n,n,n,y,x,y,democrat
n,y,n,y,y,y,n,n,n,n,n,y,y,y,n,y,republican
n,n,n,n,n,n,y,y,y,y,n,y,y,y,y,y,democrat
n,y,n,y,y,y,n,n,n,y,y,y,y,y,n,y,republican
n,n,y,n,n,n,y,y,y,y,n,n,y,n,y,y,democrat
y,y,n,y,y,y,n,n,n,y,n,y,y,y,n,y,republican
y,y,x,y,y,y,n,n,y,n,y,x,y,y,n,n,democrat
n,y,y,n,n,y,n,y,y,y,y,n,y,n,y,y,democrat
n,n,y,n,n,y,y,y,y,y,y,n,y,y,n,y,democrat
n,y,n,y,y,y,n,n,n,n,n,y,y,y,n,n,republican
y,y,n,y,y,y,n,x,n,n,y,y,y,y,n,n,republican
y,y,n,y,y,y,y,n,n,n,n,y,y,y,n,n,republican
n,y,y,n,n,y,n,y,y,n,y,n,x,x,x,x,democrat
n,y,n,y,y,y,n,n,n,y,n,y,y,y,n,n,republican
n,y,y,n,x,y,y,y,y,y,y,n,n,x,n,x,democrat
n,y,n,n,y,y,n,n,n,n,n,y,y,y,y,y,democrat
n,n,n,n,y,y,y,n,n,n,n,y,y,y,n,y,democrat
n,y,y,n,y,y,y,n,n,n,y,y,y,y,n,y,democrat
n,y,n,y,y,y,y,n,n,n,n,y,y,y,n,y,republican
y,y,n,n,y,y,n,n,n,y,y,y,y,y,n,x,democrat
n,y,y,n,n,y,y,y,y,y,y,n,y,n,y,x,democrat
y,n,y,y,y,y,y,y,n,y,n,y,n,y,y,y,republican
y,n,y,y,y,y,y,y,n,y,y,y,n,y,y,y,republican
n,n,y,y,y,y,n,n,y,n,n,n,y,y,y,x,democrat
y,n,y,n,n,n,y,y,y,y,y,n,n,y,n,y,democrat
y,n,y,n,n,n,x,y,y,x,n,n,n,n,y,x,democrat
n,x,n,y,y,y,n,n,n,y,n,y,y,y,n,y,republican
n,y,y,n,n,n,y,y,y,y,n,n,x,n,y,y,democrat
n,n,n,n,y,y,n,n,n,y,y,y,y,y,n,y,democrat
y,x,y,n,n,n,y,y,y,n,n,n,n,n,y,x,democrat
n,y,y,n,n,n,y,y,y,y,n,n,n,n,y,y,democrat
n,n,y,y,n,n,y,y,y,y,n,n,n,y,y,y,republican
n,n,y,n,n,n,y,y,y,y,y,x,n,n,y,y,democrat
x,n,y,n,n,n,y,y,y,y,y,x,n,n,y,x,democrat
y,n,y,n,n,n,y,y,y,y,n,n,n,n,y,y,democrat
x,x,y,n,n,n,y,y,y,x,x,n,n,n,x,x,democrat
n,n,y,n,n,n,y,y,y,y,y,n,n,n,y,y,democrat
y,x,y,n,n,n,y,y,y,n,n,n,n,n,y,y,democrat
x,x,x,x,x,x,x,x,y,x,x,x,x,x,x,x,democrat
n,n,y,n,n,n,y,y,y,y,y,n,n,n,y,y,democrat
y,n,y,n,n,n,y,y,y,y,n,x,n,n,y,y,democrat
n,y,y,n,n,n,y,y,y,y,y,n,n,n,y,y,democrat
y,n,y,n,n,n,y,y,y,n,n,n,n,n,y,x,democrat
y,x,n,y,y,y,y,y,n,n,n,y,x,y,x,x,republican
y,n,y,n,n,n,y,y,y,n,n,n,n,n,y,y,democrat
n,x,n,y,y,y,n,n,n,n,n,y,y,y,n,x,republican
n,y,n,y,y,y,n,x,n,y,n,y,y,y,n,x,republican
n,n,n,n,n,y,y,y,y,n,y,n,n,y,y,y,democrat
n,n,y,n,n,n,y,y,y,n,n,n,n,n,y,y,democrat
n,n,y,n,n,y,y,x,y,y,y,n,n,n,y,y,democrat
n,n,n,y,y,y,n,n,n,n,n,y,y,y,n,x,republican
n,n,y,n,n,y,y,y,y,n,y,y,n,y,y,x,democrat
n,x,y,y,y,y,n,n,n,y,n,n,n,y,n,y,republican
n,n,y,n,n,n,y,y,y,y,y,n,x,n,y,x,democrat
y,y,n,n,n,n,y,y,x,n,y,n,n,n,y,x,democrat
n,n,y,n,n,n,y,y,y,n,n,n,n,y,y,y,democrat
y,y,y,n,n,n,y,y,y,n,n,n,n,n,y,y,democrat
y,n,y,n,n,y,y,y,y,y,y,n,n,n,y,y,democrat
y,n,y,n,n,n,y,y,y,y,n,n,n,n,y,y,democrat
n,n,y,y,y,y,y,n,n,n,n,y,y,y,n,y,republican
n,n,y,n,n,y,y,y,y,y,n,y,n,n,n,y,democrat
n,n,n,y,y,y,n,n,n,y,n,y,n,y,n,y,republican
y,x,n,y,y,y,y,n,n,y,n,y,y,y,n,y,republican
n,n,y,n,n,n,y,y,y,n,n,x,n,n,y,y,democrat
y,y,y,n,n,n,y,y,y,y,y,n,n,n,n,y,democrat
n,n,y,n,n,y,y,y,y,n,n,n,n,n,y,y,democrat
n,y,n,y,y,y,n,n,n,y,n,y,y,y,n,y,republican
n,n,y,n,n,n,y,y,y,n,y,n,n,n,y,y,democrat
n,y,y,n,n,y,n,y,y,n,y,n,y,n,y,y,democrat
y,y,n,y,y,y,n,n,n,y,n,y,y,y,n,y,republican
n,y,y,y,y,y,n,n,n,y,y,y,y,y,y,x,democrat
y,y,y,n,y,y,n,n,x,y,n,n,n,y,y,x,democrat
n,y,n,y,y,y,n,n,n,y,n,y,y,y,n,n,republican
y,x,y,n,n,n,y,y,y,n,x,n,n,n,y,x,democrat
n,y,y,n,n,n,n,y,y,n,y,n,n,y,y,y,democrat
n,n,y,n,n,n,y,y,y,n,n,n,n,n,y,x,democrat
n,y,y,n,y,y,n,n,n,n,y,n,n,n,y,x,democrat
y,n,y,n,n,n,y,y,y,n,y,n,n,n,y,x,democrat
n,n,n,y,y,n,n,n,n,n,n,y,y,y,n,y,republican
n,y,n,y,y,y,n,n,n,y,n,x,y,y,n,n,republican
n,x,n,y,y,y,n,n,n,n,n,y,y,y,n,y,republican
n,n,y,n,n,y,y,y,y,n,y,n,n,y,y,y,democrat
y,n,y,n,n,n,y,y,y,n,n,n,n,n,x,y,democrat
n,y,n,y,y,y,n,n,n,n,n,y,y,x,n,y,republican
n,y,y,y,y,y,y,n,y,y,n,y,y,y,n,y,republican
n,y,n,y,y,y,n,n,n,n,n,y,y,y,n,y,republican
n,y,n,y,y,y,n,n,y,y,n,y,y,y,n,y,republican
n,y,y,n,n,n,y,y,n,n,y,n,n,n,y,x,democrat
n,y,n,y,y,y,n,n,n,y,n,y,y,y,n,y,republican
n,n,y,n,n,y,y,y,y,y,n,y,n,y,y,x,democrat
n,n,n,y,y,y,n,n,n,y,n,y,n,y,n,y,republican
n,n,y,n,n,n,y,y,y,n,n,n,n,n,y,y,democrat
y,n,y,n,n,y,y,y,n,n,n,y,y,n,n,y,democrat
y,y,y,n,n,n,y,y,x,y,n,n,n,n,y,x,democrat
n,n,n,y,y,y,y,n,n,y,n,n,n,y,y,y,republican
n,n,n,y,n,y,y,x,y,n,n,y,y,y,n,y,republican
y,n,y,n,n,n,y,y,y,y,y,n,n,y,y,y,democrat
n,n,n,n,y,y,y,n,n,n,n,x,n,y,y,y,republican
n,y,y,n,n,n,y,y,x,y,n,n,y,n,y,y,democrat
y,n,y,n,n,n,n,y,y,y,n,n,n,n,y,y,democrat
y,n,y,n,n,n,y,y,y,y,y,n,n,n,y,y,democrat
n,n,y,n,y,n,y,y,y,n,n,n,n,y,x,y,democrat
n,y,n,y,y,y,x,n,n,n,n,x,y,y,n,n,republican
x,x,x,x,x,x,x,x,x,x,x,x,x,x,x,x,republican
y,n,y,n,n,n,y,y,x,n,y,n,n,n,y,y,democrat
n,y,n,y,y,y,n,n,n,n,n,y,y,y,n,n,republican
n,y,n,y,y,y,n,n,n,n,n,y,y,y,n,n,republican
y,y,y,n,n,y,y,y,y,n,n,n,n,n,y,y,democrat
n,y,n,y,y,y,n,n,n,n,n,y,y,y,n,y,republican
y,n,y,n,n,n,y,y,y,y,n,n,n,n,n,y,democrat
y,n,y,n,n,n,y,y,y,y,n,n,n,y,y,y,democrat
n,n,n,y,y,n,n,n,n,n,n,y,n,y,n,n,republican
n,n,n,y,y,n,n,n,n,n,n,y,n,y,x,y,republican
n,n,y,n,n,n,y,y,y,n,y,n,n,n,y,y,democrat
y,n,y,n,n,n,y,y,y,n,n,n,n,n,n,y,democrat
y,n,y,n,n,n,y,y,y,y,n,n,n,n,n,y,democrat
y,n,y,n,n,x,y,y,y,n,x,x,n,x,x,x,democrat
y,n,y,n,n,n,y,y,y,y,n,n,x,n,y,y,democrat
y,n,y,n,n,n,y,y,y,n,n,n,n,n,y,x,democrat
y,n,y,n,n,n,y,y,y,n,n,n,n,n,y,x,democrat
y,n,y,n,n,n,y,y,y,y,n,n,n,n,n,y,democrat
n,n,n,y,y,y,n,n,n,y,n,y,n,y,n,y,republican
y,n,n,n,n,n,y,y,y,y,n,n,n,y,n,y,republican
y,n,y,n,n,n,y,y,y,n,n,n,n,n,y,x,democrat
y,n,y,n,n,n,y,y,y,n,n,n,n,n,n,y,democrat
y,y,y,n,n,n,y,y,y,n,n,n,n,n,y,y,democrat
n,y,y,n,n,y,y,y,y,n,x,n,n,n,n,y,democrat
y,n,y,n,n,n,y,y,y,y,n,n,n,n,y,x,democrat
n,n,n,y,y,n,y,y,n,y,n,y,y,y,x,y,republican
y,n,n,y,y,n,y,n,n,y,n,n,n,y,y,y,republican
n,n,y,n,y,y,n,n,n,n,x,n,y,y,n,n,democrat
n,n,n,y,y,y,n,n,n,n,n,y,y,y,y,n,republican
n,n,y,y,y,y,y,y,n,y,n,n,n,y,n,y,republican
n,n,n,y,y,y,n,n,n,n,n,y,y,y,n,y,republican
n,n,n,y,y,y,n,n,n,y,n,y,y,y,n,n,republican
n,n,y,n,n,n,y,y,y,y,n,n,n,y,n,y,democrat
y,n,y,y,y,y,y,y,n,n,n,n,n,y,n,x,republican
y,n,n,y,y,y,n,n,n,y,n,x,y,y,n,n,republican
n,n,n,y,y,y,n,n,n,n,n,y,y,y,n,y,republican
n,n,y,n,n,y,y,y,y,y,y,n,n,n,x,y,democrat
n,n,y,n,n,y,y,y,y,y,y,n,n,n,y,y,democrat
n,n,y,n,n,y,x,y,x,y,y,y,n,y,y,x,democrat
y,y,y,x,n,y,y,y,y,n,y,n,y,n,x,y,democrat
y,y,y,n,y,y,n,y,n,y,y,n,y,y,y,y,democrat
y,y,y,n,y,y,n,y,n,y,y,n,y,y,n,x,democrat
y,n,y,n,x,y,x,y,y,y,n,n,y,y,n,y,democrat
y,n,y,n,n,y,y,y,y,y,n,x,n,y,n,y,democrat
y,n,y,n,n,y,y,y,n,y,y,n,y,y,y,y,democrat
y,y,y,n,n,y,y,y,y,y,y,n,y,y,y,y,democrat
n,y,y,n,n,y,y,y,n,y,y,n,y,y,n,x,democrat
n,y,n,y,y,y,x,x,n,y,n,y,x,x,x,x,republican
n,n,y,y,y,y,n,n,n,y,n,y,y,y,y,y,republican
y,y,y,n,n,y,y,y,y,y,n,n,x,n,y,x,democrat
n,y,n,n,n,n,y,y,y,y,y,n,n,n,y,y,democrat
n,y,y,n,n,y,y,y,y,y,n,n,y,y,y,y,democrat
n,n,n,y,y,n,y,y,y,y,n,y,y,y,n,y,republican
n,n,x,n,n,y,y,y,y,n,n,n,n,n,y,y,democrat
n,n,n,y,y,y,y,n,n,y,n,y,y,y,n,y,republican
n,n,n,y,y,y,n,n,n,n,n,y,y,y,n,n,republican
n,y,n,y,y,y,n,n,n,y,n,y,y,y,n,x,republican
n,n,n,y,y,y,n,n,n,y,n,y,y,y,n,n,republican
n,n,n,y,y,y,n,n,n,n,n,y,y,y,n,n,republican
y,n,y,n,n,y,y,y,y,n,n,n,n,y,n,x,democrat
n,n,n,y,y,y,n,n,n,y,n,y,y,y,n,n,republican
y,n,n,n,n,y,y,y,y,y,n,n,n,y,y,y,democrat
n,n,n,y,y,y,n,n,n,y,n,y,y,y,y,n,republican
n,n,y,n,n,y,y,y,y,y,n,n,y,n,n,y,democrat
y,y,y,n,n,n,y,y,y,y,n,n,n,n,y,y,democrat
n,y,y,y,y,y,n,n,n,y,n,y,y,y,n,y,republican
n,y,n,y,y,y,y,y,n,n,y,y,y,y,y,y,republican
n,y,y,y,y,y,y,x,n,n,n,n,x,x,y,x,republican
n,n,n,n,n,y,n,y,y,n,y,y,y,y,y,n,democrat
y,n,n,n,n,n,y,y,y,y,n,n,n,n,y,y,democrat
n,n,y,n,n,n,y,y,y,n,n,n,n,n,y,x,democrat
y,n,y,n,n,n,y,y,y,n,n,n,n,n,y,x,democrat
n,y,y,n,n,y,n,y,y,y,n,n,y,y,n,y,democrat
y,y,y,n,n,n,y,y,y,y,n,n,y,n,n,y,democrat
y,y,y,n,x,y,n,x,n,n,y,n,y,y,n,x,democrat
y,y,y,n,y,y,n,y,x,y,n,n,y,y,n,x,democrat
n,y,n,y,y,y,n,n,n,n,y,y,y,y,n,n,republican
n,y,n,n,y,y,n,n,x,n,n,y,y,y,n,y,democrat
y,y,n,y,n,n,y,y,y,n,y,n,n,y,n,y,democrat
n,y,n,y,y,y,n,n,n,n,n,y,y,y,n,y,republican
y,y,y,n,n,n,y,y,y,n,y,n,n,n,n,y,democrat
y,x,y,n,n,y,y,y,y,y,n,n,n,n,y,x,democrat
n,y,n,y,y,y,n,n,n,y,n,y,y,y,n,n,republican
y,x,y,n,n,n,y,y,y,n,n,n,n,n,y,x,democrat
y,n,y,n,n,n,y,y,y,n,y,n,n,n,y,x,democrat
n,n,y,n,n,n,y,y,y,n,n,n,n,n,y,y,democrat
n,y,y,n,n,y,y,y,x,n,y,y,n,n,y,y,democrat
n,n,n,y,y,y,n,n,n,y,y,y,y,y,n,x,republican
n,n,y,n,n,y,y,y,n,n,y,n,n,y,x,y,democrat
y,n,y,n,n,n,y,y,y,n,n,n,n,n,y,y,democrat
y,n,y,n,n,n,y,y,y,y,n,n,n,y,y,y,democrat
y,n,n,y,y,y,n,n,n,n,y,y,y,y,n,n,republican
n,n,n,y,y,y,n,n,n,y,y,y,n,y,n,y,republican
n,x,y,x,n,y,y,y,y,y,y,n,x,x,y,y,democrat
n,y,y,n,y,x,y,n,n,y,y,n,y,n,y,y,democrat
n,n,n,y,y,n,y,n,y,y,n,n,n,y,n,y,republican
n,n,y,n,n,n,y,y,y,y,y,n,n,n,y,y,democrat
n,n,n,y,y,y,y,n,n,y,n,y,n,y,y,y,republican
n,n,n,y,y,y,n,n,n,y,n,y,y,y,n,y,republican
y,n,n,y,y,y,n,n,n,y,n,y,y,y,n,n,republican
y,n,y,n,n,n,y,y,y,y,n,y,n,n,y,x,democrat
n,y,y,y,y,y,y,y,y,n,n,y,y,y,n,y,republican
n,y,n,n,n,y,y,n,y,n,y,n,n,n,y,y,democrat
n,n,y,y,y,y,y,y,y,y,n,y,y,y,y,y,republican
n,y,n,y,n,y,y,y,y,n,y,n,y,n,y,x,democrat
n,n,y,y,y,y,y,n,n,y,y,y,y,y,n,y,republican
n,y,y,n,n,y,y,y,y,y,n,x,n,n,y,y,democrat
y,n,y,y,n,n,n,y,y,y,n,n,n,y,y,y,republican
n,n,n,y,y,y,n,n,n,n,n,y,y,y,n,n,republican
n,n,n,y,y,y,n,n,n,n,n,y,y,y,n,n,republican
y,y,y,n,n,y,y,y,y,y,y,y,y,y,n,x,democrat
n,n,n,y,y,y,n,n,n,y,x,y,y,y,n,y,republican
y,n,y,n,n,y,y,y,y,y,n,n,y,n,n,y,democrat
y,n,y,n,y,y,y,n,y,y,n,n,y,y,n,x,democrat
y,y,y,n,n,y,y,y,y,y,y,y,y,n,n,y,democrat
y,y,n,y,y,y,n,n,n,y,y,n,y,n,n,n,republican
y,y,n,y,y,y,n,n,n,n,y,n,y,y,n,y,republican
n,y,n,n,y,y,n,n,n,y,y,n,y,y,n,n,democrat
y,n,y,n,n,n,y,y,n,y,y,n,n,n,n,x,democrat
y,y,y,n,y,y,y,y,n,y,y,n,n,n,y,x,democrat
n,y,y,n,n,y,y,y,n,y,n,n,n,n,y,y,democrat
n,y,n,y,y,y,n,n,n,n,n,n,y,y,n,y,republican
y,y,y,n,x,y,y,y,n,y,x,x,n,n,y,y,democrat
y,y,y,n,x,n,y,y,y,y,n,n,n,n,y,x,democrat
n,y,y,y,y,y,n,n,n,n,y,y,x,y,n,n,democrat
n,y,y,x,y,y,n,y,n,y,x,n,y,y,x,y,democrat
n,y,n,y,y,y,n,n,n,n,n,y,y,y,n,y,republican
n,y,n,y,y,y,n,n,n,n,y,y,n,y,n,n,democrat
y,x,y,n,n,n,y,y,y,n,y,n,n,n,y,y,democrat
n,y,n,y,y,y,x,x,n,n,x,x,y,x,x,x,republican
n,n,n,y,y,y,n,n,n,n,n,y,y,y,n,y,republican
n,n,n,y,y,y,n,n,n,n,n,y,y,y,n,y,republican
y,y,y,n,n,y,x,y,y,n,y,n,y,n,y,y,democrat
y,y,y,n,y,y,y,y,y,y,y,n,y,y,n,x,democrat
y,y,n,y,y,y,n,n,n,n,y,n,y,y,n,x,democrat
y,y,y,n,y,y,n,y,y,y,y,n,n,n,n,y,democrat
y,y,y,y,y,y,n,n,n,n,y,y,y,y,n,y,democrat
y,y,n,n,y,y,n,n,n,n,y,y,y,y,y,n,democrat
n,x,y,n,y,y,n,y,n,n,y,n,n,n,n,x,democrat
y,y,y,n,y,y,n,y,y,n,y,n,n,y,n,x,democrat
n,y,y,y,y,y,n,n,n,n,n,y,y,y,n,x,democrat
y,n,y,n,n,n,y,y,y,x,y,n,n,n,y,x,democrat
x,x,n,n,x,y,x,n,n,n,y,y,n,y,n,x,democrat
y,y,n,n,n,n,n,y,y,n,y,n,n,n,y,n,democrat
y,y,n,y,y,y,n,n,n,n,y,y,y,y,n,y,republican
x,x,x,x,n,y,n,y,y,n,n,y,y,n,n,x,republican
y,y,x,x,x,y,n,n,n,n,y,n,y,n,n,y,democrat
y,y,y,x,n,n,n,y,n,n,y,x,n,n,y,y,democrat
y,y,y,n,y,y,n,y,n,n,y,n,y,n,y,y,democrat
y,y,n,n,y,x,n,n,n,n,y,n,y,y,n,y,democrat
n,y,y,n,y,y,n,y,n,n,n,n,n,n,n,y,democrat
n,y,n,y,x,y,n,n,n,y,n,y,y,y,n,n,republican
n,y,n,y,y,y,n,x,n,n,x,x,x,y,n,x,republican
n,y,n,y,y,y,n,n,n,y,y,y,y,y,n,n,republican
x,n,y,y,n,y,y,y,y,y,n,y,n,y,n,y,republican
n,y,n,y,y,y,n,n,n,y,n,y,x,y,n,n,republican
y,y,n,y,y,y,n,n,n,y,n,y,y,y,n,y,republican
n,n,n,y,y,y,n,n,n,n,n,y,y,y,n,y,republican
y,n,y,n,y,y,n,n,y,y,n,n,y,y,n,y,democrat
n,n,n,y,y,y,n,n,n,n,y,y,y,y,n,n,democrat
y,n,y,n,n,y,y,y,y,n,n,y,x,y,y,y,democrat
n,n,n,y,y,y,n,n,n,n,n,y,y,y,n,n,republican
n,n,n,y,y,y,n,n,n,n,y,y,y,y,n,y,republican
y,n,y,n,n,y,y,y,y,y,y,n,n,n,n,y,democrat
n,n,n,y,y,y,n,n,n,y,n,y,y,y,n,y,republican
y,y,y,y,y,y,y,y,n,y,x,x,x,y,n,y,republican
y,y,y,n,n,n,y,y,y,n,n,n,n,n,n,y,democrat
n,y,y,n,n,y,y,y,x,y,n,n,n,n,n,y,democrat
y,y,n,y,y,y,n,n,n,y,n,n,y,y,n,y,republican
y,y,y,n,n,n,y,y,y,y,y,n,y,n,n,y,democrat
y,y,y,n,n,n,y,y,n,y,n,n,n,n,n,y,democrat
y,y,y,n,n,n,y,y,y,n,n,n,n,n,n,y,democrat
y,y,y,y,y,y,y,y,n,y,n,n,y,y,n,y,republican
n,y,y,n,y,y,y,y,n,n,y,n,y,n,y,y,democrat
n,n,y,n,n,y,y,y,y,n,y,n,n,n,y,y,democrat
n,y,y,n,n,y,y,y,y,n,y,n,n,y,y,y,democrat
n,y,y,n,n,x,y,y,y,y,y,n,x,y,y,y,democrat
n,n,y,n,n,n,y,y,n,y,y,n,n,n,y,x,democrat
y,n,y,n,n,n,y,y,y,y,n,n,n,n,y,y,democrat
n,n,n,y,y,y,y,y,n,y,n,y,y,y,n,y,republican
x,x,x,n,n,n,y,y,y,y,n,n,y,n,y,y,democrat
y,n,y,n,x,n,y,y,y,y,n,y,n,x,y,y,democrat
n,n,y,y,y,y,n,n,y,y,n,y,y,y,n,y,republican
n,n,y,n,n,n,y,y,y,y,n,n,n,n,n,y,democrat
n,x,n,y,y,y,n,n,n,n,y,y,y,y,n,y,republican
n,n,n,y,y,y,x,x,x,x,n,y,y,y,n,y,republican
n,y,n,y,y,y,n,n,n,y,n,y,y,y,x,n,republican
